Word,label
chal,hi
raha,hi
hain,hi
yaha,hi
kabhi,hi
palkon,hi
pe,hi
aasoon,hi
hai,hi
ab,hi
yeh,hi
kon,hi
bol,hi
aaj,hi
aap,hi
wale,hi
ke,hi
sath,hi
bhi,hi
rahe,hi
baat,hi
samjhane,hi
liye,hi
ek,hi
sher,hi
padhte,hi
sabse,hi
pata,hi
nahi,hi
gazal,hi
padh,hi
gaye,hi
tera,hi
teri.hi
aasra,hi
aam,hi
aadmi,hi
prabhu,hi
ki,hi
kripa,hi
kya,hi
padta,hi
guru,hi
pa,hi
baap,hi
khor,hi
ho,hi
saare,hi
mehnat,hi
se,hi
kuch,hi
mat,hi
karna,hi
tune,hi
tujhe,hi
tum,hi
tumhe,hi
unhe,hi
bola,hi
samajh,hi
gaya,hi
raat,hi
bahut,hi
ho,hi
ja,hi
nahi,hi
karta,hi
rahega,hi
baad,hi
ko,hi
ball,hi
dikhayi,hi
hogi,hi
adi,hi
sabhi,hi
hardik,hi
shubhkaamnaye,hi
acha,hi
kahan,hi
wo,hi
kar,hi
diya,hi
yadi,hi
tu,hi
sahi,hi
waise,hi
jita,hi
degi,hi
ye,hi
sab,hi
nutanki,hi
itna,hi
kiya,hi
aur,hi
aapko,hi
sirf,hi
dimaag,hi
chahiye,hi
gyi,hi
kisi,hi
tujhe,hi
chahne,hi
abi,hi
jaisa,hi
banda,hi
jiske,hi
pass,hi
hoga,hi
woh,hi
pahunch,hi
jayega,hi
bhejke,hi
khud,hi
baar,hi
phir,hi
aapki,hi
acchi,hi
zidd,hi
tumhi,hi
bole,hi
hata,hi
lo,hi
kaam,hi
krte,hi
dhapli,hi
jyada,hi
bjate,hi
baaki,hi
shanti,hi
apna,hi
jate,hi
charano,hi
mera,hi
koti,hi
dikaho,hi
ache,hi
din,hi
padhaai,hi
paati,hi
bachon,hi
aaj,hi
karne,hi
pati,hi
milta,hi
kehte,hi
shri,hi
chahte,hi
na,hi
hasina,hi
hein,hi
haii,hi
kaisa,hi
kaise,hi
naya,hi
mere,hi
aayenge,hi
hawa,hi
har,hi
pita,hi
rasa,hi
aankhen,hi
bazmi,hi
hum,hi
yahan,hi
mai,hi
baith,hi
sakte,hi
tum,hi
ghar,hi
kay,hi
banay,hi
mulak,hi
aisi,hi
takdeer,hi
likh,hi
likhe,hi
haan,hi
rha,hi
ka,hi
rhe,hi
larkiya,hi
kyu,hi
marte,hi
wala,hi
bada,hi
mast,hi
chhota,hi
wajeh,hi
ne,hi
maika,hi
kahin,hi
aajtak,hi
abe,hi
pagalo,hi
nakli,hi
gin,hi
mata,hi
jai,hi
mujhe,hi
paya,hi
nikal,hi
jaye,hi
agar,hi
milne,hi
aajao,hi
rekhta,hi
jo,hi
krti,hi
uska,hi
badla,hi
le,hi
naam,hi
kharid,hi
sakenge,hi
tumhaara,hi
jis,hi
bachaane,hi
nikli,hi
uski,hi
sarkaar,hi
pehle,hi
dhajjiyaan,hi
uda,hi
thi,hi
dekh,hi
rahee,hi
kara,hi
lagam,hi
tumpe,hi
dil,hi
agya,hi
jal,hi
inka,hi
abhi,hi
banne,hi
soch,hi
iska,hi
koi,hi
hardhik,hi
shubhkamnayy,hi
galey,hi
haath,hi
kadaa,hi
sar,hi
upar,hi
topi,hi
ghutno,hi
tak,hi
chaddi,hi
abey,hi
gareebon,hi
aaya,hi
gaana,hi
gaane,hi
bharatiya,hi
janata,hi
mehak,hi
rhi,hi
fiza,hi
saari,hi
kyanat,hi
bura,hi
kalakaaar,hi
bewafa,hi
duniya,hi
mein,hi
sari,hi
zindagi,hi
hathon,hi
dafnaa,hi
bhool,hi
qabar,hi
konsi,hi
tumhari,hi
kom,hi
walo,hi
samjhao,hi
atankwadi,hi
banna,hi
choad,hi
swaach,hi
abhiyan,hi
sadiq,hi
bade,hi
muji,hi
mara,hi
sajde,hi
amrah,hi
gar,hi
nihange,hi
ajdaho,hi
sere,hi
nar,hi
jii,hi
meri,hi
baddua,hi
lgy,hi
lakkha,hi
kyaa,hi
bhaiayon,hi
behno,hi
sarkar,hi
aayegi,hi
naukri,hi
dunga,hi
chor,hi
daadi,hi
tinka,hi
subh,hi
shaadi,hi
dala,hi
chawal,hi
roti,hi
khuga,hi
maaa,hi
chod,hi
desh,hi
dharti,hi
logu,hi
usnay,hi
aqal,hi
bech,hi
chala,hi
tumhein,hi
khak,hi
lagega,hi
abeer,hi
gulaal,hi
deesh,hi
loot,hi
kha,hi
dare,hi
toh,hi
humare,hi
ammi,hi
kal,hi
tatti,hi
aye,hi
lala,hi
gyo,hi
masha,hi
mua,hi
mehbooba,hi
chalegi,hi
harami,hi
jaat,hi
sucche,hi
gayi,hi
kamal,hi
khila,hi
garmi,hi
badh,hi
bata,hi
kab,hi
shuru,hi
karega,hi
dobara,hi
nagar,hi
kirtan,hi
dia,hi
kuj,hi
paai,hi
tussi,hi
kabool,hi
karo,hi
hamesha,hi
rehna,hi
aapke,hi
bina,hi
nai,hi
laga,hi
bawa,hi
bhagwanji,hi
yaadh,hi
karte,hi
aata,hi
bane,hi
roadie,hi
der,hi
aaye,hi
kapilash,hi
arey,hi
khaas,hi
krungi,hi
yar,hi
kamaal,hi
kanaihya,hi
havan,hi
khas,hi
dekhiyega,hi
zarur,hi
sbb,hi
baje,hi
saath,hi
dharnas,hi
dharna,hi
sbi,hi
harega,hi
anna,hi
karen,hi
sal,hi
bne,hi
paaji,hi
chutiya,hi
hota,hi
sahab,hi
chodte,hi
barbaadi,hi
haa,hi
beta,hi
tha,hi
haar,hi
gyaa,hi
kash,hi
apki,hi
awaz,hi
thok,hi
diyaaaa,hi
kayakalp,hi
aapnajafgarh,hi
kanhaiyajnusu,hi
tumse,hi
naa,hi
payega,hi
bas,hi
sakta,hi
maine,hi
kaha,hi
bohot,hi
baaad,hi
hamko,hi
itni,hi
padhai,hi
oye,hi
kyunki,hi
thoda,hi
waqt,hi
lete,hi
tumhara,hi
yahi,hi
tere,hi
seth,hi
daal,hi
jab,hi
khattr,hi
milo,hi
unhe,hi
bas,hi
keh,hi
dena,hi
smjh,hi
jayenge,hi
dono,hi
gya,hi
maha,hi
shubh,hi
suno,hi
jana,hi
milega,hi
dhang,hi
maaro,hi
peda,hi
pala,hi
jhel,hi
pura,hi
aapka,hi
sabko,hi
faltu,hi
lagana,hi
samay,hi
betwana,hi
apko,hi
apke,hi
kamnaye,hi
mauka,hi
chak,hi
hona,hi
dekhne,hi
ajaye,hi
karachi,hi
nahipata,hi
sohni,hi
chali,hi
gae,hi
nehi,hi
lana,hi
pyaar,hi
